<?xml version="1.0" encoding="UTF-8"?>
<project-private xmlns="http://www.netbeans.org/ns/project-private/1">
    <editor-bookmarks xmlns="http://www.netbeans.org/ns/editor-bookmarks/2" lastBookmarkId="0"/>
    <open-files xmlns="http://www.netbeans.org/ns/projectui-open-files/2">
        <group>
            <file>file:/D:/Softwares/NetBeans/Workspace/BookServer/src/java/bookpackage/DatabaseProducer.java</file>
            <file>file:/D:/Softwares/NetBeans/Workspace/BookServer/src/java/bookpackage/Book.java</file>
            <file>file:/D:/Softwares/NetBeans/Workspace/BookServer/src/java/bookpackage/BookEJB.java</file>
            <file>file:/D:/Softwares/NetBeans/Workspace/BookServer/src/conf/persistence.xml</file>
            <file>file:/D:/Softwares/NetBeans/Workspace/BookServer/src/java/bookpackage/DatabasePopulator.java</file>
        </group>
    </open-files>
</project-private>
